Fixture Type,Symbol Source,Symbol File
"?HF_Mac_Aura_PXL_Compact_Direct","GDTF 2D","Martin_Professional_MAC_Aura_PXL"
"?_HF_ATMe_Power","Drawn","fixture_hazer"
"?_HF_KL_Core_IP_19ch","Drawn","fixture_par"
"?_HF_KL_PAR_IP_Compact_19ch","Drawn","fixture_par"
"?_HF_Mac_Aura_Extended","GDTF 2D","Martin_Professional_MAC_Aura"
"?_HF_Mac_Aura_XB_Standard_RAW","GDTF 2D","Martin_Professional_MAC_Aura_XB"
"?_HF_Mac_Encore_Performance_CLD","GDTF 2D","Mac_Encore_Performance_WRM"
"?_HF_Mac_Ultra_Performance_Extended","GDTF 2D","Mac_Ultra"
"?_HF_Mac_Viper_XIP_Extended","GDTF 2D","Martin_Professional_MAC_Viper_XIP"
"?_HF_Mac_Viper_XIP_Ludicrous","GDTF 2D","Martin_Professional_MAC_Viper_XIP"
"A.leda_B_EYE_K20_Standard","Drawn","fixture_moving_wash"
"AF_1","Drawn","fixture_fan"
"ANE_ATMe","Drawn","fixture_hazer"
"ATMe","Drawn","fixture_hazer"
"CAPTURE_HAZER","Drawn","fixture_hazer"
"CAPTURE_MOVER_-_ELECTRIC_TRIM_0'-30'","Drawn","fixture_moving_spot"
"Color_Force_II_72_RGBA_x4_Off_MC","Drawn","fixture_strip"
"Colordash_Accent_Quad_4ch","Drawn","fixture_led"
"D60_Lustr+_Direct_StrFan","Drawn","fixture_led"
"Dimmer","Drawn","fixture_relay"
"Dimmer_16B","Drawn","fixture_relay"
"FULL_STAGE_FIGURE","Drawn","fixture_scenic"
"Fan","Drawn","fixture_fan"
"Geyser_P7","Drawn","fixture_hazer"
"HF_Best_Boy_LED_Shutters","Drawn","fixture_moving_spot"
"HF_Color_Force_II_Cell_(RGBA)","Drawn","fixture_strip"
"HF_Color_Force_I_Cell_(RGBA)","Drawn","fixture_strip"
"HF_DMX-64_FIBER_OPTIC_ILLUMINATOR","Drawn","fixture_scenic"
"HF_Mac_Aura_XB_Extended_RAW","GDTF 2D","Martin_Professional_MAC_Aura_XB"
"HF_Mac_Encore_Performance_CLD","GDTF 2D","Mac_Encore_Performance_WRM"
"HF_Mac_Ultra_Performance_Extended_HF","GDTF 2D","Mac_Ultra"
"HF_Mac_Viper_Performance_16B_Extended","GDTF 2D","Martin_Professional_MAC_Viper_Performance"
"HF_Mac_Viper_Wash_DX_16B_Extended","GDTF 2D","Martin_Professional_MAC_Viper_Wash_DX"
"HF_Radiance_Hazer","Drawn","fixture_hazer"
"Halcyon_Gold_High_Fidelity_Standard_Pan_540","GDTF 3D","High_End_Systems_Halcyon_Gold_High_Fidelity"
"Halcyon_Gold_Ultra_Bright_Standard_Mech_Pan_630","CAD","halcyon_gold"
"Impression_FR1_Normal","GDTF 3D","GLP_impression_FR1"
"Impression_X4_Bar_10_Sgl_Hi_Res_MC","GDTF 3D","GLP_impression_X4_Bar_10"
"Impression_X4_Bar_20_Dual_Hi_Res_MC","GDTF 3D","GLP_impression_X4_Bar_20"
"Impression_X4_Bar_20_Sgl_Hi_Res_MC","GDTF 3D","GLP_impression_X4_Bar_20"
"Impression_X4_Bar_20_Sgl_Hi_Res_RGBW_Pixel","GDTF 3D","GLP_impression_X4_Bar_20"
"Impression_X4_High_Res","GDTF 3D","GLP_impression_X4_L"
"Impression_X4_XL_High_Res","Drawn","fixture_moving_wash"
"Impression_X5_M2:_Normal_(RGBL)","GDTF 3D","GLP_impression_X5"
"Jem_Glaciator_Dynamic_2ch","Drawn","fixture_hazer"
"LED_CwWw_8B","Drawn","fixture_led"
"LED_RGBCwWw_16B","Drawn","fixture_led"
"LED_RGBW_16B","Drawn","fixture_led"
"LED_RGBW_16B_(5600K)","Drawn","fixture_led"
"LED_RGBW_8B_(3000K)","Drawn","fixture_led"
"LED_RGBW_8B_(4000K)","Drawn","fixture_led"
"LED_RGBWwCw_16B","Drawn","fixture_led"
"LED_RGB_16B","Drawn","fixture_led"
"LED_RGB_8B","Drawn","fixture_led"
"LED_RGBwW_16B_(EMS)","Drawn","fixture_led"
"LED_White_16B","Drawn","fixture_led"
"Legacy_Camera_Standard","Drawn","fixture_camera"
"Mac_Aura_Extended_MC","GDTF 2D","Martin_Professional_MAC_Aura"
"Mac_Encore_Performance_CLD","GDTF 2D","Mac_Encore_Performance_WRM"
"Mac_Encore_Performance_CLD_(EMS)","GDTF 2D","Mac_Encore_Performance_WRM"
"Mac_Quantum_Wash_Extended_MC","GDTF 2D","Martin_Professional_MAC_Quantum_Wash"
"Mac_Ultra_Performance_Basic","GDTF 2D","Mac_Ultra"
"Mac_Ultra_Performance_Extended_(EMS)","GDTF 2D","Mac_Ultra"
"Miro_Cube_4C_16B","Drawn","fixture_led"
"NYX_Bulb_91:_D16_CCT_GM_C_RGB_1_Pixel","Drawn","fixture_led"
"Non_Dim_On_at_0","Drawn","fixture_relay"
"Non_Dim_at_Full","Drawn","fixture_relay"
"Perseo_Profile_Extended","GDTF 3D","Ayrton_Perseo_Profile"
"PixelBrick_96:_D16_CCT_GM_H_SAT_S_1_Pixel_Str","Drawn","fixture_strip"
"Radiance_Hazer","Drawn","fixture_hazer"
"Relay_Power_Lamp_Control","Drawn","fixture_relay"
"Robin_BMFL_FollowSpot_M1","GDTF 3D","Robin_BMFL_FollowSpot"
"Robin_Forte_HP_M2","GDTF 3D","Robe_Lighting_Robin_Forte"
"Robin_T1_Profile_M3","GDTF 3D","Robe_Lighting_Robin_T1_Profile"
"Robin_iForte_LTX_FS_54ch","GDTF 3D","Robe_Lighting_Robin_iForte_FS"
"Rush_Par_2_RGBW_Zoom_5ch","Drawn","fixture_par"
"S4_LED_S2_Lustr_Direct_StrFan","Drawn","fixture_strip"
"S4_LED_S2_Lustr_HSIC_StrFan","Drawn","fixture_strip"
"S4_LED_S3_Lustr_X8_Direct","GDTF 3D","S4_LED_S3_Lustr_X8_Direct"
"STRIKE_Array_2C_22ch_MC","Drawn","fixture_blinder"
"Scenic_Element_Movable","Drawn","fixture_scenic"
"Sharpy_Vector_LC","GDTF 3D","Clay_Paky_Sharpy"
"Sharpy_Wash_330_Vector_Lamp","Drawn","fixture_moving_wash"
"SolaFrame_2000_Pan_540","Drawn","fixture_moving_spot"
"Solaris_Flare_Q+_Rayzr_100_RGBW_+_Str_12_Pixel_MC","GDTF 3D","Solaris_Flare_Q_Rayzr_100"
"Veloce_Profile_Extended_(67ch)","GDTF 3D","Ayrton_Veloce_Profile"
"Viostorm","Drawn","fixture_hazer"
"Viper_2.6","Drawn","fixture_moving_spot"
"Virtual_Server_Ver_1.0","Drawn","fixture_media_server"
"WFG_Not_a_Moon_RGBWwCw_16B","Drawn","fixture_led"
"WFG_Not_an_Eclipse_RGBCw_16B","Drawn","fixture_led"
"d3_Server_Video_Module_v17.1","Drawn","fixture_media_server"
